<?xml version = "1.0" encoding = "utf-8"?>
<!DOCTYPE hibernate-mapping PUBLIC 
"-//Hibernate/Hibernate Mapping DTD//EN"
"http://www.hibernate.org/dtd/hibernate-mapping-3.0.dtd"> 

<hibernate-mapping>
   <class name = "User" table = "user">
      
      <meta attribute = "class-description">
         This class contains the user registration details. 
      </meta>
      
      <id name = "id" type = "int" column = "id">
         <generator class="native"/>
      </id>
      
      <property name = "username" column = "username" type = "string"/>
      <property name = "password" column = "password" type = "string"/>
      
   </class>
</hibernate-mapping>